post_id,topic,creator_id,timestamp
101,Technology,8,2025-06-01
102,Finance,70,2025-10-24
103,Finance,41,2025-02-01
104,AI,75,2025-01-30
105,Gaming,68,2025-09-02
106,AI,66,2025-03-22
107,Music,9,2025-02-11
108,Sports,87,2025-11-01
109,Science,16,2025-05-01
110,Technology,75,2025-10-19
111,AI,80,2025-11-01
112,Science,85,2025-02-11
113,Fashion,67,2025-10-26
114,Travel,27,2025-06-11
115,Finance,41,2025-12-09
116,Travel,51,2025-05-03
117,Health,83,2025-03-09
118,Politics,41,2025-06-03
119,AI,59,2025-02-07
120,Fashion,13,2025-11-15
121,Gaming,28,2025-02-07
122,Travel,17,2025-09-17
123,Sports,32,2025-06-28
124,Travel,21,2025-07-09
125,Gaming,91,2025-08-13
126,Fashion,84,2025-06-04
127,AI,86,2025-09-28
128,Travel,85,2025-10-11
129,Music,34,2025-02-23
130,Sports,96,2025-03-01
131,Music,35,2025-10-11
132,Fashion,27,2025-05-25
133,Technology,88,2025-06-25
134,Travel,65,2025-11-21
135,Travel,7,2025-09-08
136,Health,55,2025-02-17
137,AI,1,2025-05-22
138,Education,17,2025-06-20
139,Travel,21,2025-11-23
140,Gaming,91,2025-08-15
141,Gaming,2,2025-08-07
142,Sports,89,2025-02-27
143,Gaming,5,2025-03-18
144,Fashion,71,2025-07-09
145,Science,17,2025-03-17
146,Travel,47,2025-01-22
147,Food,27,2025-01-21
148,Technology,86,2025-12-16
149,Food,100,2025-02-22
150,Science,80,2025-10-14
151,Technology,21,2025-03-21
152,Science,4,2025-04-01
153,Finance,43,2025-04-02
154,Education,86,2025-07-30
155,Travel,21,2025-05-08
156,Sports,49,2025-12-26
157,Politics,29,2025-01-20
158,Politics,45,2025-04-13
159,Education,30,2025-06-06
160,AI,85,2025-04-25
161,Science,43,2025-04-09
162,Sports,99,2025-05-23
163,Food,83,2025-05-23
164,Science,87,2025-09-18
165,Food,4,2025-10-02
166,Travel,23,2025-03-01
167,Travel,5,2025-10-25
168,Fashion,56,2025-02-25
169,Finance,41,2025-06-26
170,Fashion,66,2025-08-12
171,Science,74,2025-03-01
172,Travel,6,2025-04-08
173,Science,1,2025-12-29
174,Education,69,2025-09-24
175,Finance,95,2025-12-18
176,Technology,47,2025-12-10
177,Sports,86,2025-08-09
178,Fashion,41,2025-06-19
179,Sports,93,2025-12-06
180,Gaming,40,2025-06-03
181,Science,42,2025-12-08
182,Finance,38,2025-07-26
183,Music,25,2025-10-11
184,Health,49,2025-08-04
185,Finance,23,2025-12-13
186,Fashion,39,2025-11-12
187,Gaming,1,2025-07-27
188,Travel,27,2025-06-05
189,Education,75,2025-08-09
190,Health,42,2025-11-07
191,Politics,57,2025-08-27
192,Technology,66,2025-12-12
193,Education,95,2025-08-31
194,Health,11,2025-03-28
195,Gaming,85,2025-05-26
196,Fashion,43,2025-11-21
197,Education,31,2025-02-17
198,Travel,29,2025-12-11
199,Music,4,2025-04-12
200,Technology,61,2025-01-24
201,Education,10,2025-11-09
202,Science,81,2025-08-22
203,Technology,92,2025-10-22
204,Science,64,2025-12-23
205,Technology,19,2025-07-24
206,Finance,1,2025-12-02
207,Education,55,2025-02-24
208,Music,90,2025-04-23
209,Politics,7,2025-09-23
210,Technology,16,2025-10-13
211,Music,60,2025-08-22
212,Gaming,72,2025-12-08
213,Food,97,2025-11-01
214,Fashion,93,2025-08-15
215,Science,71,2025-09-16
216,Music,96,2025-08-17
217,Politics,34,2025-09-01
218,Health,36,2025-05-07
219,Politics,81,2025-09-24
220,Travel,57,2025-05-03
221,Finance,37,2025-02-09
222,Travel,43,2025-05-01
223,Gaming,11,2025-06-13
224,Music,30,2025-03-12
225,Finance,20,2025-07-16
226,Technology,9,2025-12-28
227,Science,43,2025-08-01
228,Politics,54,2025-10-05
229,Technology,54,2025-02-01
230,Education,75,2025-07-19
231,AI,98,2025-12-23
232,Science,62,2025-10-22
233,Food,39,2025-01-04
234,Science,69,2025-07-19
235,Education,78,2025-10-07
236,Politics,29,2025-04-23
237,Science,63,2025-05-20
238,Science,44,2025-01-15
239,Health,52,2025-12-09
240,Politics,17,2025-03-26
241,Gaming,4,2025-11-15
242,Fashion,73,2025-07-21
243,AI,11,2025-12-06
244,Science,18,2025-11-26
245,Music,7,2025-08-25
246,Science,42,2025-05-14
247,Politics,42,2025-04-19
248,Education,49,2025-06-22
249,Education,54,2025-05-23
250,Sports,61,2025-05-10
251,Finance,70,2025-01-10
252,Food,29,2025-01-27
253,Sports,100,2025-11-29
254,AI,97,2025-11-30
255,Technology,26,2025-01-16
256,Fashion,20,2025-01-11
257,Music,61,2025-05-03
258,Sports,73,2025-12-09
259,Politics,90,2025-04-22
260,Education,48,2025-05-12
261,Fashion,78,2025-03-27
262,Education,21,2025-02-28
263,Sports,75,2025-06-09
264,Travel,74,2025-01-14
265,Science,51,2025-12-13
266,Sports,76,2025-04-12
267,Health,32,2025-12-20
268,Finance,99,2025-02-22
269,Health,77,2025-06-04
270,Education,73,2025-03-03
271,Food,69,2025-01-22
272,Health,48,2025-08-08
273,Gaming,83,2025-02-05
274,AI,54,2025-06-24
275,Sports,56,2025-09-08
276,Health,59,2025-07-05
277,Music,56,2025-12-29
278,Finance,67,2025-04-01
279,Travel,79,2025-11-30
280,Education,62,2025-10-03
281,Science,94,2025-08-27
282,Travel,42,2025-10-31
283,Sports,36,2025-05-06
284,Technology,97,2025-08-19
285,Fashion,79,2025-08-26
286,Science,44,2025-12-09
287,Politics,42,2025-01-15
288,Politics,28,2025-04-04
289,Education,34,2025-07-01
290,Travel,77,2025-06-24
291,Travel,72,2025-12-26
292,Gaming,25,2025-01-06
293,Technology,93,2025-02-13
294,Politics,72,2025-07-28
295,Finance,61,2025-05-04
296,Finance,63,2025-11-27
297,Education,3,2025-08-18
298,Travel,29,2025-02-17
299,Finance,32,2025-07-27
300,Health,75,2025-06-06
301,Politics,71,2025-07-08
302,Food,55,2025-09-29
303,Food,46,2025-10-09
304,Politics,35,2025-12-26
305,Travel,30,2025-06-06
306,Finance,25,2025-03-03
307,Sports,96,2025-06-11
308,Education,89,2025-10-02
309,Technology,28,2025-04-05
310,Travel,93,2025-09-05
311,Education,68,2025-10-29
312,Travel,13,2025-11-02
313,Travel,30,2025-04-10
314,Music,39,2025-07-04
315,Finance,69,2025-01-08
316,Travel,6,2025-03-06
317,Gaming,38,2025-01-28
318,Music,82,2025-12-24
319,Sports,2,2025-09-09
320,Travel,61,2025-10-21
321,Politics,44,2025-09-03
322,AI,33,2025-04-05
323,Sports,9,2025-09-02
324,Politics,10,2025-07-25
325,Health,88,2025-10-23
326,Music,20,2025-01-28
327,Travel,11,2025-10-16
328,Sports,72,2025-05-08
329,Fashion,77,2025-08-02
330,Technology,100,2025-11-13
331,Science,58,2025-09-25
332,Travel,76,2025-08-15
333,Travel,73,2025-08-08
334,AI,79,2025-11-14
335,Education,27,2025-02-20
336,Technology,34,2025-11-17
337,Sports,21,2025-12-05
338,Music,71,2025-05-03
339,Music,1,2025-02-08
340,Politics,89,2025-07-29
341,Politics,38,2025-11-01
342,Technology,37,2025-01-17
343,Travel,90,2025-12-28
344,Sports,88,2025-08-21
345,Travel,81,2025-04-30
346,Health,26,2025-10-29
347,Sports,70,2025-08-06
348,Health,20,2025-04-26
349,Music,10,2025-05-17
350,Music,40,2025-01-31
351,Finance,73,2025-11-01
352,Politics,16,2025-05-28
353,Finance,39,2025-08-28
354,Science,35,2025-12-25
355,Gaming,64,2025-09-14
356,Sports,77,2025-08-13
357,Science,95,2025-01-21
358,Fashion,33,2025-06-15
359,Sports,30,2025-01-14
360,Fashion,76,2025-12-12
361,Education,87,2025-01-11
362,Fashion,6,2025-05-18
363,Politics,67,2025-03-31
364,Politics,36,2025-11-30
365,Fashion,56,2025-04-03
366,Politics,12,2025-11-22
367,Food,53,2025-08-29
368,Food,86,2025-06-20
369,Music,43,2025-02-23
370,Finance,64,2025-07-30
371,Health,52,2025-05-28
372,AI,59,2025-10-09
373,Food,33,2025-02-15
374,Sports,99,2025-06-15
375,Gaming,1,2025-07-26
376,Gaming,60,2025-12-03
377,AI,25,2025-07-31
378,Food,80,2025-09-23
379,Health,57,2025-09-13
380,Technology,35,2025-01-27
381,Music,37,2025-10-09
382,Finance,63,2025-08-13
383,AI,81,2025-03-04
384,Education,31,2025-11-08
385,Music,40,2025-12-30
386,AI,71,2025-10-10
387,Sports,29,2025-07-28
388,Politics,16,2025-02-28
389,Music,64,2025-11-28
390,Gaming,91,2025-05-30
391,Science,62,2025-05-20
392,Technology,59,2025-08-30
393,Music,50,2025-10-10
394,Fashion,66,2025-04-08
395,Sports,36,2025-03-11
396,Food,65,2025-08-01
397,AI,37,2025-05-17
398,Fashion,75,2025-06-02
399,Politics,20,2025-12-04
400,Gaming,62,2025-08-17
401,Food,71,2025-06-26
402,Science,59,2025-10-06
403,Technology,90,2025-06-14
404,Fashion,50,2025-05-03
405,Education,53,2025-04-30
406,Food,96,2025-01-23
407,Finance,49,2025-08-31
408,Health,84,2025-07-17
409,Politics,5,2025-03-19
410,Gaming,76,2025-03-06
411,Sports,57,2025-06-19
412,Gaming,59,2025-02-21
413,Finance,19,2025-01-08
414,Health,20,2025-07-29
415,Politics,34,2025-02-08
416,Fashion,89,2025-06-23
417,Health,11,2025-07-23
418,Health,69,2025-06-18
419,Food,81,2025-07-14
420,Gaming,5,2025-09-07
421,Sports,31,2025-11-13
422,Health,37,2025-11-20
423,Finance,12,2025-04-27
424,Sports,98,2025-08-11
425,Finance,13,2025-11-21
426,Music,89,2025-08-16
427,AI,6,2025-06-03
428,Education,8,2025-06-16
429,Food,48,2025-05-31
430,Music,32,2025-08-09
431,Science,73,2025-09-29
432,Education,24,2025-12-16
433,Music,11,2025-03-29
434,Science,80,2025-11-09
435,Technology,64,2025-12-16
436,Music,30,2025-10-26
437,Health,33,2025-08-25
438,Travel,86,2025-08-24
439,Education,60,2025-01-05
440,Health,70,2025-05-28
441,Sports,57,2025-03-22
442,Fashion,39,2025-06-26
443,Science,89,2025-11-24
444,Politics,39,2025-05-09
445,Science,62,2025-04-12
446,Technology,49,2025-02-24
447,Food,74,2025-10-20
448,Finance,38,2025-06-01
449,Health,51,2025-01-12
450,AI,73,2025-05-21
451,Education,96,2025-12-18
452,Fashion,96,2025-01-26
453,Travel,100,2025-09-12
454,Fashion,46,2025-04-28
455,Health,25,2025-04-23
456,Travel,87,2025-11-14
457,Health,18,2025-12-04
458,Sports,81,2025-11-18
459,AI,40,2025-11-27
460,AI,75,2025-08-14
461,Finance,17,2025-07-06
462,Travel,42,2025-02-16
463,Music,26,2025-08-01
464,Education,70,2025-03-09
465,Gaming,65,2025-07-07
466,Music,33,2025-05-20
467,Education,38,2025-09-04
468,Education,15,2025-06-23
469,Sports,19,2025-08-28
470,Health,93,2025-04-26
471,Science,72,2025-12-12
472,Sports,51,2025-07-07
473,Travel,69,2025-01-08
474,Politics,48,2025-03-05
475,Finance,87,2025-12-11
476,Fashion,49,2025-05-15
477,Food,14,2025-11-23
478,Technology,61,2025-12-12
479,Fashion,72,2025-01-13
480,Fashion,29,2025-06-17
481,Sports,82,2025-11-28
482,Finance,39,2025-08-26
483,Science,15,2025-11-29
484,AI,5,2025-03-13
485,Politics,15,2025-06-05
486,Technology,69,2025-02-19
487,Science,59,2025-03-11
488,Health,96,2025-07-09
489,Gaming,54,2025-12-23
490,Finance,94,2025-10-28
491,Science,84,2025-03-21
492,Politics,79,2025-02-20
493,Travel,5,2025-07-28
494,Food,28,2025-12-20
495,Politics,31,2025-08-16
496,Sports,88,2025-07-05
497,Gaming,83,2025-07-08
498,AI,51,2025-07-03
499,Technology,16,2025-05-22
500,Sports,85,2025-08-21
501,Health,82,2025-04-19
502,AI,7,2025-11-02
503,Technology,17,2025-06-20
504,Technology,9,2025-10-17
505,Technology,76,2025-10-11
506,Technology,43,2025-04-21
507,Education,77,2025-03-17
508,Travel,19,2025-01-02
509,Gaming,33,2025-03-08
510,Sports,85,2025-03-31
511,Music,2,2025-01-14
512,Education,31,2025-07-03
513,Food,3,2025-10-29
514,Travel,7,2025-03-31
515,Finance,54,2025-03-06
516,Sports,96,2025-09-27
517,Politics,58,2025-02-02
518,Gaming,76,2025-07-05
519,Politics,65,2025-02-25
520,Fashion,6,2025-04-24
521,Gaming,39,2025-12-04
522,Health,4,2025-08-23
523,Politics,52,2025-02-01
524,Health,14,2025-08-07
525,Finance,57,2025-09-09
526,Sports,42,2025-02-07
527,Music,9,2025-11-08
528,Travel,80,2025-03-06
529,Fashion,71,2025-11-21
530,Food,49,2025-12-31
531,Gaming,38,2025-11-02
532,Gaming,78,2025-08-21
533,Sports,90,2025-08-09
534,Health,84,2025-02-28
535,Finance,28,2025-10-10
536,Politics,30,2025-08-09
537,Food,59,2025-07-31
538,Science,94,2025-07-24
539,Food,55,2025-02-18
540,Health,33,2025-06-10
541,Music,88,2025-07-11
542,Sports,12,2025-08-31
543,Sports,56,2025-02-13
544,Finance,95,2025-02-19
545,Education,17,2025-07-10
546,AI,76,2025-10-12
547,Gaming,43,2025-10-15
548,Sports,53,2025-12-10
549,Health,97,2025-07-01
550,Finance,7,2025-08-05
551,Fashion,40,2025-05-28
552,Sports,74,2025-06-30
553,Technology,20,2025-09-17
554,Politics,29,2025-12-03
555,Food,72,2025-02-25
556,Sports,98,2025-07-08
557,Fashion,29,2025-05-23
558,Gaming,99,2025-08-08
559,Fashion,87,2025-11-15
560,Gaming,4,2025-11-26
561,Health,89,2025-11-08
562,AI,24,2025-05-17
563,Finance,98,2025-05-20
564,Food,45,2025-06-08
565,Music,19,2025-01-04
566,Health,52,2025-10-17
567,Music,95,2025-02-05
568,AI,12,2025-11-21
569,Technology,49,2025-09-29
570,Politics,44,2025-08-03
571,Food,40,2025-03-22
572,Education,73,2025-06-16
573,Sports,7,2025-11-02
574,Music,97,2025-03-21
575,AI,87,2025-11-13
576,Travel,57,2025-02-11
577,Science,63,2025-12-05
578,Politics,54,2025-11-07
579,Technology,97,2025-05-20
580,Sports,45,2025-09-20
581,Sports,37,2025-08-09
582,Health,76,2025-12-14
583,Gaming,86,2025-09-07
584,AI,29,2025-06-07
585,Fashion,8,2025-07-22
586,Technology,39,2025-01-04
587,Education,18,2025-04-19
588,Travel,42,2025-05-11
589,AI,64,2025-03-03
590,Music,17,2025-08-09
591,Gaming,91,2025-07-14
592,Gaming,72,2025-04-28
593,Education,46,2025-12-09
594,Science,95,2025-02-06
595,Science,3,2025-01-22
596,Sports,41,2025-08-24
597,Science,74,2025-10-22
598,Finance,82,2025-07-27
599,Travel,15,2025-08-02
600,AI,42,2025-07-27
